FID_clc_ch,OBJECTID,Change,ID,Code_12,Code_18
"0","1784",131-323,EU-1784,"131","323"
"1","1820",131-324,EU-1820,"131","324"
"2","2334",131-512,EU-2334,"131","512"
"3","2570",132-131,EU-2570,"132","131"
"4","5972",133-121,EU-5972,"133","121"
"5","9571",133-321,EU-9572,"133","321"
"6","9635",133-324,EU-9636,"133","324"
"7","9636",133-324,EU-9637,"133","324"
"8","9777",133-512,EU-9778,"133","512"
"9","13110",211-121,EU-13111,"211","121"
"10","13159",211-121,EU-13160,"211","121"
"11","13169",211-121,EU-13170,"211","121"
"12","13206",211-121,EU-13207,"211","121"
"13","13212",211-121,EU-13213,"211","121"
"14","16719",211-122,EU-16720,"211","122"
"15","17274",211-131,EU-17275,"211","131"
"16","17277",211-131,EU-17278,"211","131"
"17","17288",211-131,EU-17289,"211","131"
"18","17290",211-131,EU-17291,"211","131"
"19","17292",211-131,EU-17293,"211","131"
"20","17293",211-131,EU-17294,"211","131"
"21","17299",211-131,EU-17300,"211","131"
"22","17300",211-131,EU-17301,"211","131"
"23","17302",211-131,EU-17303,"211","131"
"24","17330",211-131,EU-17331,"211","131"
"25","19202",211-132,EU-19203,"211","132"
"26","19469",211-133,EU-19470,"211","133"
"27","19473",211-133,EU-19474,"211","133"
"28","19481",211-133,EU-19482,"211","133"
"29","19484",211-133,EU-19485,"211","133"
"30","19503",211-133,EU-19504,"211","133"
"31","19504",211-133,EU-19505,"211","133"
"32","19516",211-133,EU-19517,"211","133"
"33","23627",211-213,EU-23628,"211","213"
"34","23628",211-213,EU-23629,"211","213"
"35","24529",211-221,EU-24530,"211","221"
"36","24559",211-221,EU-24560,"211","221"
"37","24565",211-221,EU-24566,"211","221"
"38","24567",211-221,EU-24568,"211","221"
"39","24570",211-221,EU-24571,"211","221"
"40","24572",211-221,EU-24573,"211","221"
"41","24573",211-221,EU-24574,"211","221"
"42","24574",211-221,EU-24575,"211","221"
"43","24579",211-221,EU-24580,"211","221"
"44","24580",211-221,EU-24581,"211","221"
"45","24581",211-221,EU-24582,"211","221"
"46","24582",211-221,EU-24583,"211","221"
"47","24584",211-221,EU-24585,"211","221"
"48","24586",211-221,EU-24587,"211","221"
"49","24605",211-221,EU-24606,"211","221"
"50","28646",211-231,EU-28647,"211","231"
"51","35011",211-242,EU-35012,"211","242"
"52","35012",211-242,EU-35013,"211","242"
"53","35365",211-321,EU-35366,"211","321"
"54","35366",211-321,EU-35367,"211","321"
"55","35367",211-321,EU-35368,"211","321"
"56","35368",211-321,EU-35369,"211","321"
"57","37178",211-334,EU-37179,"211","334"
"58","37242",211-511,EU-37243,"211","511"
"59","37313",211-512,EU-37314,"211","512"
"60","38033",212-121,EU-38034,"212","121"
"61","38034",212-121,EU-38035,"212","121"
"62","38203",212-122,EU-38204,"212","122"
"63","38252",212-131,EU-38253,"212","131"
"64","38253",212-131,EU-38254,"212","131"
"65","40116",212-511,EU-40117,"212","511"
"66","40117",212-511,EU-40118,"212","511"
"67","40143",212-512,EU-40144,"212","512"
"68","40146",212-512,EU-40147,"212","512"
"69","40209",213-211,EU-40210,"213","211"
"70","40399",221-121,EU-40400,"221","121"
"71","40400",221-121,EU-40401,"221","121"
"72","40481",221-131,EU-40482,"221","131"
"73","40509",221-133,EU-40510,"221","133"
"74","40510",221-133,EU-40511,"221","133"
"75","41080",221-211,EU-41081,"221","211"
"76","41100",221-211,EU-41101,"221","211"
"77","41102",221-211,EU-41103,"221","211"
"78","41103",221-211,EU-41104,"221","211"
"79","41106",221-211,EU-41107,"221","211"
"80","41107",221-211,EU-41108,"221","211"
"81","41108",221-211,EU-41109,"221","211"
"82","41964",221-231,EU-41965,"221","231"
"83","42007",221-242,EU-42008,"221","242"
"84","42298",221-512,EU-42299,"221","512"
"85","42299",221-512,EU-42300,"221","512"
"86","44409",222-242,EU-44410,"222","242"
"87","44550",222-411,EU-44551,"222","411"
"88","44557",222-512,EU-44558,"222","512"
"89","44558",222-512,EU-44559,"222","512"
"90","44559",222-512,EU-44560,"222","512"
"91","45679",231-112,EU-45680,"231","112"
"92","46708",231-121,EU-46709,"231","121"
"93","48385",231-131,EU-48386,"231","131"
"94","48391",231-131,EU-48392,"231","131"
"95","48392",231-131,EU-48393,"231","131"
"96","48397",231-131,EU-48398,"231","131"
"97","48399",231-131,EU-48400,"231","131"
"98","48407",231-131,EU-48408,"231","131"
"99","48423",231-131,EU-48424,"231","131"
"100","48424",231-131,EU-48425,"231","131"
"101","48425",231-131,EU-48426,"231","131"
"102","48435",231-131,EU-48436,"231","131"
"103","48437",231-131,EU-48438,"231","131"
"104","48438",231-131,EU-48439,"231","131"
"105","49101",231-132,EU-49102,"231","132"
"106","49102",231-132,EU-49103,"231","132"
"107","49378",231-133,EU-49379,"231","133"
"108","49380",231-133,EU-49381,"231","133"
"109","49393",231-133,EU-49394,"231","133"
"110","49401",231-133,EU-49402,"231","133"
"111","49406",231-133,EU-49407,"231","133"
"112","49409",231-133,EU-49410,"231","133"
"113","49412",231-133,EU-49413,"231","133"
"114","51543",231-211,EU-51544,"231","211"
"115","51566",231-211,EU-51567,"231","211"
"116","51649",231-211,EU-51650,"231","211"
"117","64515",231-221,EU-64516,"231","221"
"118","64517",231-221,EU-64518,"231","221"
"119","64518",231-221,EU-64519,"231","221"
"120","64520",231-221,EU-64521,"231","221"
"121","64523",231-221,EU-64524,"231","221"
"122","64995",231-242,EU-64996,"231","242"
"123","65090",231-243,EU-65091,"231","243"
"124","65091",231-243,EU-65092,"231","243"
"125","65092",231-243,EU-65093,"231","243"
"126","67382",231-511,EU-67383,"231","511"
"127","67422",231-512,EU-67423,"231","512"
"128","68613",242-121,EU-68614,"242","121"
"129","68614",242-121,EU-68615,"242","121"
"130","68629",242-121,EU-68630,"242","121"
"131","68648",242-121,EU-68649,"242","121"
"132","68659",242-121,EU-68660,"242","121"
"133","69300",242-131,EU-69301,"242","131"
"134","69301",242-131,EU-69302,"242","131"
"135","69302",242-131,EU-69303,"242","131"
"136","69305",242-131,EU-69306,"242","131"
"137","69323",242-131,EU-69324,"242","131"
"138","69331",242-131,EU-69332,"242","131"
"139","69332",242-131,EU-69333,"242","131"
"140","69621",242-133,EU-69622,"242","133"
"141","69622",242-133,EU-69623,"242","133"
"142","69624",242-133,EU-69625,"242","133"
"143","69626",242-133,EU-69627,"242","133"
"144","69627",242-133,EU-69628,"242","133"
"145","69628",242-133,EU-69629,"242","133"
"146","69633",242-133,EU-69634,"242","133"
"147","69634",242-133,EU-69635,"242","133"
"148","69636",242-133,EU-69637,"242","133"
"149","70212",242-211,EU-70213,"242","211"
"150","70219",242-211,EU-70220,"242","211"
"151","70220",242-211,EU-70221,"242","211"
"152","70398",242-213,EU-70399,"242","213"
"153","70399",242-213,EU-70400,"242","213"
"154","70410",242-221,EU-70411,"242","221"
"155","70530",242-222,EU-70531,"242","222"
"156","70575",242-231,EU-70576,"242","231"
"157","70576",242-231,EU-70577,"242","231"
"158","70577",242-231,EU-70578,"242","231"
"159","70693",242-334,EU-70694,"242","334"
"160","70694",242-334,EU-70695,"242","334"
"161","70695",242-334,EU-70696,"242","334"
"162","70709",242-511,EU-70710,"242","511"
"163","70766",242-512,EU-70767,"242","512"
"164","71328",243-122,EU-71329,"243","122"
"165","71537",243-131,EU-71538,"243","131"
"166","71592",243-131,EU-71593,"243","131"
"167","72024",243-133,EU-72025,"243","133"
"168","72027",243-133,EU-72028,"243","133"
"169","72028",243-133,EU-72029,"243","133"
"170","72031",243-133,EU-72032,"243","133"
"171","72032",243-133,EU-72033,"243","133"
"172","72033",243-133,EU-72034,"243","133"
"173","72034",243-133,EU-72035,"243","133"
"174","72035",243-133,EU-72036,"243","133"
"175","72036",243-133,EU-72037,"243","133"
"176","72037",243-133,EU-72038,"243","133"
"177","72041",243-133,EU-72042,"243","133"
"178","72044",243-133,EU-72045,"243","133"
"179","72045",243-133,EU-72046,"243","133"
"180","72046",243-133,EU-72047,"243","133"
"181","72047",243-133,EU-72048,"243","133"
"182","72048",243-133,EU-72049,"243","133"
"183","72049",243-133,EU-72050,"243","133"
"184","72050",243-133,EU-72051,"243","133"
"185","72051",243-133,EU-72052,"243","133"
"186","72052",243-133,EU-72053,"243","133"
"187","72054",243-133,EU-72055,"243","133"
"188","72055",243-133,EU-72056,"243","133"
"189","72056",243-133,EU-72057,"243","133"
"190","72058",243-133,EU-72059,"243","133"
"191","72059",243-133,EU-72060,"243","133"
"192","72070",243-133,EU-72071,"243","133"
"193","72676",243-213,EU-72677,"243","213"
"194","72688",243-221,EU-72689,"243","221"
"195","73497",243-334,EU-73498,"243","334"
"196","73498",243-334,EU-73499,"243","334"
"197","73499",243-334,EU-73500,"243","334"
"198","73500",243-334,EU-73501,"243","334"
"199","73502",243-334,EU-73503,"243","334"
"200","73531",243-511,EU-73532,"243","511"
"201","74373",311-122,EU-74374,"311","122"
"202","74502",311-131,EU-74503,"311","131"
"203","74515",311-131,EU-74516,"311","131"
"204","74518",311-131,EU-74519,"311","131"
"205","74534",311-131,EU-74535,"311","131"
"206","75047",311-133,EU-75048,"311","133"
"207","75048",311-133,EU-75049,"311","133"
"208","75051",311-133,EU-75052,"311","133"
"209","75052",311-133,EU-75053,"311","133"
"210","75053",311-133,EU-75054,"311","133"
"211","75054",311-133,EU-75055,"311","133"
"212","75055",311-133,EU-75056,"311","133"
"213","75056",311-133,EU-75057,"311","133"
"214","75057",311-133,EU-75058,"311","133"
"215","75058",311-133,EU-75059,"311","133"
"216","75059",311-133,EU-75060,"311","133"
"217","75060",311-133,EU-75061,"311","133"
"218","75061",311-133,EU-75062,"311","133"
"219","75063",311-133,EU-75064,"311","133"
"220","75064",311-133,EU-75065,"311","133"
"221","75065",311-133,EU-75066,"311","133"
"222","75066",311-133,EU-75067,"311","133"
"223","75067",311-133,EU-75068,"311","133"
"224","75068",311-133,EU-75069,"311","133"
"225","75069",311-133,EU-75070,"311","133"
"226","75070",311-133,EU-75071,"311","133"
"227","75071",311-133,EU-75072,"311","133"
"228","75072",311-133,EU-75073,"311","133"
"229","75073",311-133,EU-75074,"311","133"
"230","75074",311-133,EU-75075,"311","133"
"231","75075",311-133,EU-75076,"311","133"
"232","75077",311-133,EU-75078,"311","133"
"233","76293",311-243,EU-76294,"311","243"
"234","78746",311-324,EU-78747,"311","324"
"235","78775",311-324,EU-78776,"311","324"
"236","78801",311-324,EU-78802,"311","324"
"237","78819",311-324,EU-78820,"311","324"
"238","78945",311-324,EU-78946,"311","324"
"239","78951",311-324,EU-78952,"311","324"
"240","78967",311-324,EU-78968,"311","324"
"241","78981",311-324,EU-78982,"311","324"
"242","78982",311-324,EU-78983,"311","324"
"243","79040",311-324,EU-79041,"311","324"
"244","79042",311-324,EU-79043,"311","324"
"245","79074",311-324,EU-79075,"311","324"
"246","79080",311-324,EU-79081,"311","324"
"247","79085",311-324,EU-79086,"311","324"
"248","79091",311-324,EU-79092,"311","324"
"249","79096",311-324,EU-79097,"311","324"
"250","79101",311-324,EU-79102,"311","324"
"251","79115",311-324,EU-79116,"311","324"
"252","79128",311-324,EU-79129,"311","324"
"253","79130",311-324,EU-79131,"311","324"
"254","79132",311-324,EU-79133,"311","324"
"255","79153",311-324,EU-79154,"311","324"
"256","79160",311-324,EU-79161,"311","324"
"257","79175",311-324,EU-79176,"311","324"
"258","79184",311-324,EU-79185,"311","324"
"259","79189",311-324,EU-79190,"311","324"
"260","79218",311-324,EU-79219,"311","324"
"261","79223",311-324,EU-79224,"311","324"
"262","79249",311-324,EU-79250,"311","324"
"263","79250",311-324,EU-79251,"311","324"
"264","79266",311-324,EU-79267,"311","324"
"265","79271",311-324,EU-79272,"311","324"
"266","79282",311-324,EU-79283,"311","324"
"267","79287",311-324,EU-79288,"311","324"
"268","79310",311-324,EU-79311,"311","324"
"269","79311",311-324,EU-79312,"311","324"
"270","79350",311-324,EU-79351,"311","324"
"271","79362",311-324,EU-79363,"311","324"
"272","79406",311-324,EU-79407,"311","324"
"273","79422",311-324,EU-79423,"311","324"
"274","79434",311-324,EU-79435,"311","324"
"275","79450",311-324,EU-79451,"311","324"
"276","79536",311-324,EU-79537,"311","324"
"277","79543",311-324,EU-79544,"311","324"
"278","79550",311-324,EU-79551,"311","324"
"279","79557",311-324,EU-79558,"311","324"
"280","79570",311-324,EU-79571,"311","324"
"281","79574",311-324,EU-79575,"311","324"
"282","79576",311-324,EU-79577,"311","324"
"283","79579",311-324,EU-79580,"311","324"
"284","79584",311-324,EU-79585,"311","324"
"285","79590",311-324,EU-79591,"311","324"
"286","79596",311-324,EU-79597,"311","324"
"287","79604",311-324,EU-79605,"311","324"
"288","79605",311-324,EU-79606,"311","324"
"289","79611",311-324,EU-79612,"311","324"
"290","79621",311-324,EU-79622,"311","324"
"291","79629",311-324,EU-79630,"311","324"
"292","79633",311-324,EU-79634,"311","324"
"293","79650",311-324,EU-79651,"311","324"
"294","79651",311-324,EU-79652,"311","324"
"295","79653",311-324,EU-79654,"311","324"
"296","79654",311-324,EU-79655,"311","324"
"297","79661",311-324,EU-79662,"311","324"
"298","79663",311-324,EU-79664,"311","324"
"299","79664",311-324,EU-79665,"311","324"
"300","79671",311-324,EU-79672,"311","324"
"301","79672",311-324,EU-79673,"311","324"
"302","79681",311-324,EU-79682,"311","324"
"303","79683",311-324,EU-79684,"311","324"
"304","79684",311-324,EU-79685,"311","324"
"305","79689",311-324,EU-79690,"311","324"
"306","79700",311-324,EU-79701,"311","324"
"307","79710",311-324,EU-79711,"311","324"
"308","79727",311-324,EU-79728,"311","324"
"309","79728",311-324,EU-79729,"311","324"
"310","79737",311-324,EU-79738,"311","324"
"311","79741",311-324,EU-79742,"311","324"
"312","79752",311-324,EU-79753,"311","324"
"313","79759",311-324,EU-79760,"311","324"
"314","79763",311-324,EU-79764,"311","324"
"315","79770",311-324,EU-79771,"311","324"
"316","79773",311-324,EU-79774,"311","324"
"317","79775",311-324,EU-79776,"311","324"
"318","79777",311-324,EU-79778,"311","324"
"319","79780",311-324,EU-79781,"311","324"
"320","79781",311-324,EU-79782,"311","324"
"321","79788",311-324,EU-79789,"311","324"
"322","79801",311-324,EU-79802,"311","324"
"323","79802",311-324,EU-79803,"311","324"
"324","79811",311-324,EU-79812,"311","324"
"325","79818",311-324,EU-79819,"311","324"
"326","79820",311-324,EU-79821,"311","324"
"327","79823",311-324,EU-79824,"311","324"
"328","79826",311-324,EU-79827,"311","324"
"329","79841",311-324,EU-79842,"311","324"
"330","79843",311-324,EU-79844,"311","324"
"331","79851",311-324,EU-79852,"311","324"
"332","79860",311-324,EU-79861,"311","324"
"333","79861",311-324,EU-79862,"311","324"
"334","79862",311-324,EU-79863,"311","324"
"335","79865",311-324,EU-79866,"311","324"
"336","79885",311-324,EU-79886,"311","324"
"337","79886",311-324,EU-79887,"311","324"
"338","79895",311-324,EU-79896,"311","324"
"339","79898",311-324,EU-79899,"311","324"
"340","79900",311-324,EU-79901,"311","324"
"341","79901",311-324,EU-79902,"311","324"
"342","79907",311-324,EU-79908,"311","324"
"343","79910",311-324,EU-79911,"311","324"
"344","79913",311-324,EU-79914,"311","324"
"345","79916",311-324,EU-79917,"311","324"
"346","79918",311-324,EU-79919,"311","324"
"347","79925",311-324,EU-79926,"311","324"
"348","79934",311-324,EU-79935,"311","324"
"349","79936",311-324,EU-79937,"311","324"
"350","79941",311-324,EU-79942,"311","324"
"351","79945",311-324,EU-79946,"311","324"
"352","79946",311-324,EU-79947,"311","324"
"353","79947",311-324,EU-79948,"311","324"
"354","79948",311-324,EU-79949,"311","324"
"355","79953",311-324,EU-79954,"311","324"
"356","79959",311-324,EU-79960,"311","324"
"357","79961",311-324,EU-79962,"311","324"
"358","79967",311-324,EU-79968,"311","324"
"359","79969",311-324,EU-79970,"311","324"
"360","79979",311-324,EU-79980,"311","324"
"361","79983",311-324,EU-79984,"311","324"
"362","79986",311-324,EU-79987,"311","324"
"363","79989",311-324,EU-79990,"311","324"
"364","79991",311-324,EU-79992,"311","324"
"365","79996",311-324,EU-79997,"311","324"
"366","80000",311-324,EU-80001,"311","324"
"367","80006",311-324,EU-80007,"311","324"
"368","80010",311-324,EU-80011,"311","324"
"369","80011",311-324,EU-80012,"311","324"
"370","80020",311-324,EU-80021,"311","324"
"371","80027",311-324,EU-80028,"311","324"
"372","80029",311-324,EU-80030,"311","324"
"373","80034",311-324,EU-80035,"311","324"
"374","80037",311-324,EU-80038,"311","324"
"375","80038",311-324,EU-80039,"311","324"
"376","80040",311-324,EU-80041,"311","324"
"377","80043",311-324,EU-80044,"311","324"
"378","80045",311-324,EU-80046,"311","324"
"379","80046",311-324,EU-80047,"311","324"
"380","80047",311-324,EU-80048,"311","324"
"381","80056",311-324,EU-80057,"311","324"
"382","80062",311-324,EU-80063,"311","324"
"383","80068",311-324,EU-80069,"311","324"
"384","80069",311-324,EU-80070,"311","324"
"385","80074",311-324,EU-80075,"311","324"
"386","80076",311-324,EU-80077,"311","324"
"387","80078",311-324,EU-80079,"311","324"
"388","80081",311-324,EU-80082,"311","324"
"389","80087",311-324,EU-80088,"311","324"
"390","80088",311-324,EU-80089,"311","324"
"391","80094",311-324,EU-80095,"311","324"
"392","80096",311-324,EU-80097,"311","324"
"393","80099",311-324,EU-80100,"311","324"
"394","80100",311-324,EU-80101,"311","324"
"395","80101",311-324,EU-80102,"311","324"
"396","80105",311-324,EU-80106,"311","324"
"397","80118",311-324,EU-80119,"311","324"
"398","80134",311-324,EU-80135,"311","324"
"399","80141",311-324,EU-80142,"311","324"
"400","80149",311-324,EU-80150,"311","324"
"401","80150",311-324,EU-80151,"311","324"
"402","80155",311-324,EU-80156,"311","324"
"403","80160",311-324,EU-80161,"311","324"
"404","80162",311-324,EU-80163,"311","324"
"405","80170",311-324,EU-80171,"311","324"
"406","80173",311-324,EU-80174,"311","324"
"407","80181",311-324,EU-80182,"311","324"
"408","80183",311-324,EU-80184,"311","324"
"409","80184",311-324,EU-80185,"311","324"
"410","80186",311-324,EU-80187,"311","324"
"411","80190",311-324,EU-80191,"311","324"
"412","80194",311-324,EU-80195,"311","324"
"413","80195",311-324,EU-80196,"311","324"
"414","80196",311-324,EU-80197,"311","324"
"415","80202",311-324,EU-80203,"311","324"
"416","80209",311-324,EU-80210,"311","324"
"417","80215",311-324,EU-80216,"311","324"
"418","80217",311-324,EU-80218,"311","324"
"419","80220",311-324,EU-80221,"311","324"
"420","80225",311-324,EU-80226,"311","324"
"421","80236",311-324,EU-80237,"311","324"
"422","80241",311-324,EU-80242,"311","324"
"423","80242",311-324,EU-80243,"311","324"
"424","80247",311-324,EU-80248,"311","324"
"425","80251",311-324,EU-80252,"311","324"
"426","80260",311-324,EU-80261,"311","324"
"427","80265",311-324,EU-80266,"311","324"
"428","80268",311-324,EU-80269,"311","324"
"429","80271",311-324,EU-80272,"311","324"
"430","80273",311-324,EU-80274,"311","324"
"431","80276",311-324,EU-80277,"311","324"
"432","80279",311-324,EU-80280,"311","324"
"433","80281",311-324,EU-80282,"311","324"
"434","80283",311-324,EU-80284,"311","324"
"435","80284",311-324,EU-80285,"311","324"
"436","80295",311-324,EU-80296,"311","324"
"437","80301",311-324,EU-80302,"311","324"
"438","80312",311-324,EU-80313,"311","324"
"439","80333",311-324,EU-80334,"311","324"
"440","80343",311-324,EU-80344,"311","324"
"441","80353",311-324,EU-80354,"311","324"
"442","80358",311-324,EU-80359,"311","324"
"443","80369",311-324,EU-80370,"311","324"
"444","80372",311-324,EU-80373,"311","324"
"445","80374",311-324,EU-80375,"311","324"
"446","80382",311-324,EU-80383,"311","324"
"447","80388",311-324,EU-80389,"311","324"
"448","80394",311-324,EU-80395,"311","324"
"449","80403",311-324,EU-80404,"311","324"
"450","80410",311-324,EU-80411,"311","324"
"451","80411",311-324,EU-80412,"311","324"
"452","80416",311-324,EU-80417,"311","324"
"453","80421",311-324,EU-80422,"311","324"
"454","80431",311-324,EU-80432,"311","324"
"455","80443",311-324,EU-80444,"311","324"
"456","80445",311-324,EU-80446,"311","324"
"457","80451",311-324,EU-80452,"311","324"
"458","80454",311-324,EU-80455,"311","324"
"459","80455",311-324,EU-80456,"311","324"
"460","80467",311-324,EU-80468,"311","324"
"461","80492",311-324,EU-80493,"311","324"
"462","80506",311-324,EU-80507,"311","324"
"463","80516",311-324,EU-80517,"311","324"
"464","80523",311-324,EU-80524,"311","324"
"465","80543",311-324,EU-80544,"311","324"
"466","80565",311-324,EU-80566,"311","324"
"467","80570",311-324,EU-80571,"311","324"
"468","80580",311-324,EU-80581,"311","324"
"469","80581",311-324,EU-80582,"311","324"
"470","80592",311-324,EU-80593,"311","324"
"471","80602",311-324,EU-80603,"311","324"
"472","80608",311-324,EU-80609,"311","324"
"473","80611",311-324,EU-80612,"311","324"
"474","80620",311-324,EU-80621,"311","324"
"475","80625",311-324,EU-80626,"311","324"
"476","80631",311-324,EU-80632,"311","324"
"477","80635",311-324,EU-80636,"311","324"
"478","80641",311-324,EU-80642,"311","324"
"479","80643",311-324,EU-80644,"311","324"
"480","80645",311-324,EU-80646,"311","324"
"481","80646",311-324,EU-80647,"311","324"
"482","80652",311-324,EU-80653,"311","324"
"483","80656",311-324,EU-80657,"311","324"
"484","80661",311-324,EU-80662,"311","324"
"485","80664",311-324,EU-80665,"311","324"
"486","80665",311-324,EU-80666,"311","324"
"487","80680",311-324,EU-80681,"311","324"
"488","80683",311-324,EU-80684,"311","324"
"489","80685",311-324,EU-80686,"311","324"
"490","80686",311-324,EU-80687,"311","324"
"491","80687",311-324,EU-80688,"311","324"
"492","80688",311-324,EU-80689,"311","324"
"493","80694",311-324,EU-80695,"311","324"
"494","80699",311-324,EU-80700,"311","324"
"495","80701",311-324,EU-80702,"311","324"
"496","80702",311-324,EU-80703,"311","324"
"497","80703",311-324,EU-80704,"311","324"
"498","80704",311-324,EU-80705,"311","324"
"499","80705",311-324,EU-80706,"311","324"
"500","80714",311-324,EU-80715,"311","324"
"501","80728",311-324,EU-80729,"311","324"
"502","80734",311-324,EU-80735,"311","324"
"503","80739",311-324,EU-80740,"311","324"
"504","80757",311-324,EU-80758,"311","324"
"505","80764",311-324,EU-80765,"311","324"
"506","80793",311-324,EU-80794,"311","324"
"507","80795",311-324,EU-80796,"311","324"
"508","80801",311-324,EU-80802,"311","324"
"509","80805",311-324,EU-80806,"311","324"
"510","80820",311-324,EU-80821,"311","324"
"511","80821",311-324,EU-80822,"311","324"
"512","80825",311-324,EU-80826,"311","324"
"513","80846",311-324,EU-80847,"311","324"
"514","80850",311-324,EU-80851,"311","324"
"515","80861",311-324,EU-80862,"311","324"
"516","80864",311-324,EU-80865,"311","324"
"517","80880",311-324,EU-80881,"311","324"
"518","80895",311-324,EU-80896,"311","324"
"519","80899",311-324,EU-80900,"311","324"
"520","80900",311-324,EU-80901,"311","324"
"521","80902",311-324,EU-80903,"311","324"
"522","80905",311-324,EU-80906,"311","324"
"523","80922",311-324,EU-80923,"311","324"
"524","80923",311-324,EU-80924,"311","324"
"525","80925",311-324,EU-80926,"311","324"
"526","80940",311-324,EU-80941,"311","324"
"527","80983",311-324,EU-80984,"311","324"
"528","80987",311-324,EU-80988,"311","324"
"529","80998",311-324,EU-80999,"311","324"
"530","81011",311-324,EU-81012,"311","324"
"531","81029",311-324,EU-81030,"311","324"
"532","81032",311-324,EU-81033,"311","324"
"533","81039",311-324,EU-81040,"311","324"
"534","81065",311-324,EU-81066,"311","324"
"535","81072",311-324,EU-81073,"311","324"
"536","81116",311-324,EU-81117,"311","324"
"537","81129",311-324,EU-81130,"311","324"
"538","81157",311-324,EU-81158,"311","324"
"539","81162",311-324,EU-81163,"311","324"
"540","81169",311-324,EU-81170,"311","324"
"541","81182",311-324,EU-81183,"311","324"
"542","81188",311-324,EU-81189,"311","324"
"543","81226",311-324,EU-81227,"311","324"
"544","81309",311-324,EU-81310,"311","324"
"545","81315",311-324,EU-81316,"311","324"
"546","108479",311-334,EU-108480,"311","334"
"547","108480",311-334,EU-108481,"311","334"
"548","108481",311-334,EU-108482,"311","334"
"549","108482",311-334,EU-108483,"311","334"
"550","108483",311-334,EU-108484,"311","334"
"551","108484",311-334,EU-108485,"311","334"
"552","108485",311-334,EU-108486,"311","334"
"553","108486",311-334,EU-108487,"311","334"
"554","108487",311-334,EU-108488,"311","334"
"555","108488",311-334,EU-108489,"311","334"
"556","108489",311-334,EU-108490,"311","334"
"557","108490",311-334,EU-108491,"311","334"
"558","108496",311-334,EU-108497,"311","334"
"559","108497",311-334,EU-108498,"311","334"
"560","108498",311-334,EU-108499,"311","334"
"561","108499",311-334,EU-108500,"311","334"
"562","108500",311-334,EU-108501,"311","334"
"563","108501",311-334,EU-108502,"311","334"
"564","108502",311-334,EU-108503,"311","334"
"565","108503",311-334,EU-108504,"311","334"
"566","108517",311-334,EU-108518,"311","334"
"567","108743",311-512,EU-108744,"311","512"
"568","108744",311-512,EU-108745,"311","512"
"569","108745",311-512,EU-108746,"311","512"
"570","110431",312-133,EU-110432,"312","133"
"571","110433",312-133,EU-110434,"312","133"
"572","110435",312-133,EU-110436,"312","133"
"573","110436",312-133,EU-110437,"312","133"
"574","112187",312-321,EU-112188,"312","321"
"575","112188",312-321,EU-112189,"312","321"
"576","112192",312-321,EU-112193,"312","321"
"577","115763",312-324,EU-115764,"312","324"
"578","116377",312-324,EU-116378,"312","324"
"579","116394",312-324,EU-116395,"312","324"
"580","116985",312-324,EU-116986,"312","324"
"581","117585",312-324,EU-117586,"312","324"
"582","117607",312-324,EU-117608,"312","324"
"583","117633",312-324,EU-117634,"312","324"
"584","268631",312-334,EU-268632,"312","334"
"585","268632",312-334,EU-268633,"312","334"
"586","269630",313-133,EU-269631,"313","133"
"587","269634",313-133,EU-269635,"313","133"
"588","269635",313-133,EU-269636,"313","133"
"589","269636",313-133,EU-269637,"313","133"
"590","269637",313-133,EU-269638,"313","133"
"591","271144",313-324,EU-271145,"313","324"
"592","271190",313-324,EU-271191,"313","324"
"593","271258",313-324,EU-271259,"313","324"
"594","271336",313-324,EU-271337,"313","324"
"595","271345",313-324,EU-271346,"313","324"
"596","271357",313-324,EU-271358,"313","324"
"597","271559",313-324,EU-271560,"313","324"
"598","271593",313-324,EU-271594,"313","324"
"599","271634",313-324,EU-271635,"313","324"
"600","292659",313-334,EU-292660,"313","334"
"601","292660",313-334,EU-292661,"313","334"
"602","292662",313-334,EU-292663,"313","334"
"603","293122",321-122,EU-293123,"321","122"
"604","293276",321-131,EU-293277,"321","131"
"605","293278",321-131,EU-293279,"321","131"
"606","293281",321-131,EU-293282,"321","131"
"607","293307",321-131,EU-293308,"321","131"
"608","293317",321-131,EU-293318,"321","131"
"609","293318",321-131,EU-293319,"321","131"
"610","293320",321-131,EU-293321,"321","131"
"611","293358",321-131,EU-293359,"321","131"
"612","293721",321-133,EU-293722,"321","133"
"613","293724",321-133,EU-293725,"321","133"
"614","294691",321-221,EU-294692,"321","221"
"615","295042",321-243,EU-295043,"321","243"
"616","295255",321-324,EU-295256,"321","324"
"617","295256",321-324,EU-295257,"321","324"
"618","295261",321-324,EU-295262,"321","324"
"619","295612",321-334,EU-295613,"321","334"
"620","295613",321-334,EU-295614,"321","334"
"621","295614",321-334,EU-295615,"321","334"
"622","295615",321-334,EU-295616,"321","334"
"623","295616",321-334,EU-295617,"321","334"
"624","295619",321-334,EU-295620,"321","334"
"625","297998",323-131,EU-297999,"323","131"
"626","298003",323-131,EU-298004,"323","131"
"627","298007",323-131,EU-298008,"323","131"
"628","298155",323-133,EU-298156,"323","133"
"629","298157",323-133,EU-298158,"323","133"
"630","298160",323-133,EU-298161,"323","133"
"631","298161",323-133,EU-298162,"323","133"
"632","298162",323-133,EU-298163,"323","133"
"633","298163",323-133,EU-298164,"323","133"
"634","298164",323-133,EU-298165,"323","133"
"635","298165",323-133,EU-298166,"323","133"
"636","298167",323-133,EU-298168,"323","133"
"637","298169",323-133,EU-298170,"323","133"
"638","298170",323-133,EU-298171,"323","133"
"639","298171",323-133,EU-298172,"323","133"
"640","298172",323-133,EU-298173,"323","133"
"641","298173",323-133,EU-298174,"323","133"
"642","298175",323-133,EU-298176,"323","133"
"643","298176",323-133,EU-298177,"323","133"
"644","298177",323-133,EU-298178,"323","133"
"645","298553",323-221,EU-298554,"323","221"
"646","300311",323-512,EU-300312,"323","512"
"647","300819",324-122,EU-300820,"324","122"
"648","301203",324-131,EU-301204,"324","131"
"649","301219",324-131,EU-301220,"324","131"
"650","301236",324-131,EU-301237,"324","131"
"651","301244",324-131,EU-301245,"324","131"
"652","301268",324-131,EU-301269,"324","131"
"653","301276",324-131,EU-301277,"324","131"
"654","301937",324-133,EU-301938,"324","133"
"655","301938",324-133,EU-301939,"324","133"
"656","301939",324-133,EU-301940,"324","133"
"657","301945",324-133,EU-301946,"324","133"
"658","301946",324-133,EU-301947,"324","133"
"659","301947",324-133,EU-301948,"324","133"
"660","301948",324-133,EU-301949,"324","133"
"661","301949",324-133,EU-301950,"324","133"
"662","301950",324-133,EU-301951,"324","133"
"663","301951",324-133,EU-301952,"324","133"
"664","301952",324-133,EU-301953,"324","133"
"665","301954",324-133,EU-301955,"324","133"
"666","301955",324-133,EU-301956,"324","133"
"667","301956",324-133,EU-301957,"324","133"
"668","301957",324-133,EU-301958,"324","133"
"669","301958",324-133,EU-301959,"324","133"
"670","301960",324-133,EU-301961,"324","133"
"671","301963",324-133,EU-301964,"324","133"
"672","301965",324-133,EU-301966,"324","133"
"673","301969",324-133,EU-301970,"324","133"
"674","301972",324-133,EU-301973,"324","133"
"675","301974",324-133,EU-301975,"324","133"
"676","301976",324-133,EU-301977,"324","133"
"677","304121",324-221,EU-304122,"324","221"
"678","304122",324-221,EU-304123,"324","221"
"679","305245",324-243,EU-305246,"324","243"
"680","305246",324-243,EU-305247,"324","243"
"681","306445",324-311,EU-306446,"324","311"
"682","306466",324-311,EU-306467,"324","311"
"683","306541",324-311,EU-306542,"324","311"
"684","306542",324-311,EU-306543,"324","311"
"685","306563",324-311,EU-306564,"324","311"
"686","306565",324-311,EU-306566,"324","311"
"687","306653",324-311,EU-306654,"324","311"
"688","306657",324-311,EU-306658,"324","311"
"689","306718",324-311,EU-306719,"324","311"
"690","306751",324-311,EU-306752,"324","311"
"691","306765",324-311,EU-306766,"324","311"
"692","306782",324-311,EU-306783,"324","311"
"693","306787",324-311,EU-306788,"324","311"
"694","306788",324-311,EU-306789,"324","311"
"695","306798",324-311,EU-306799,"324","311"
"696","306799",324-311,EU-306800,"324","311"
"697","306802",324-311,EU-306803,"324","311"
"698","306824",324-311,EU-306825,"324","311"
"699","306828",324-311,EU-306829,"324","311"
"700","306865",324-311,EU-306866,"324","311"
"701","306885",324-311,EU-306886,"324","311"
"702","306912",324-311,EU-306913,"324","311"
"703","306922",324-311,EU-306923,"324","311"
"704","306969",324-311,EU-306970,"324","311"
"705","306972",324-311,EU-306973,"324","311"
"706","306973",324-311,EU-306974,"324","311"
"707","307006",324-311,EU-307007,"324","311"
"708","307015",324-311,EU-307016,"324","311"
"709","307041",324-311,EU-307042,"324","311"
"710","307052",324-311,EU-307053,"324","311"
"711","307066",324-311,EU-307067,"324","311"
"712","307067",324-311,EU-307068,"324","311"
"713","307070",324-311,EU-307071,"324","311"
"714","307126",324-311,EU-307127,"324","311"
"715","307145",324-311,EU-307146,"324","311"
"716","307180",324-311,EU-307181,"324","311"
"717","307190",324-311,EU-307191,"324","311"
"718","307250",324-311,EU-307251,"324","311"
"719","307254",324-311,EU-307255,"324","311"
"720","307259",324-311,EU-307260,"324","311"
"721","307261",324-311,EU-307262,"324","311"
"722","307265",324-311,EU-307266,"324","311"
"723","307314",324-311,EU-307315,"324","311"
"724","307335",324-311,EU-307336,"324","311"
"725","307421",324-311,EU-307422,"324","311"
"726","307483",324-311,EU-307484,"324","311"
"727","316391",324-312,EU-316392,"324","312"
"728","316394",324-312,EU-316395,"324","312"
"729","316406",324-312,EU-316407,"324","312"
"730","316409",324-312,EU-316410,"324","312"
"731","381683",324-321,EU-381684,"324","321"
"732","381684",324-321,EU-381685,"324","321"
"733","382197",324-334,EU-382198,"324","334"
"734","382199",324-334,EU-382200,"324","334"
"735","382200",324-334,EU-382201,"324","334"
"736","382201",324-334,EU-382202,"324","334"
"737","382202",324-334,EU-382203,"324","334"
"738","382203",324-334,EU-382204,"324","334"
"739","382204",324-334,EU-382205,"324","334"
"740","382205",324-334,EU-382206,"324","334"
"741","382206",324-334,EU-382207,"324","334"
"742","382208",324-334,EU-382209,"324","334"
"743","382209",324-334,EU-382210,"324","334"
"744","382210",324-334,EU-382211,"324","334"
"745","382211",324-334,EU-382212,"324","334"
"746","382212",324-334,EU-382213,"324","334"
"747","382213",324-334,EU-382214,"324","334"
"748","382216",324-334,EU-382217,"324","334"
"749","382218",324-334,EU-382219,"324","334"
"750","382220",324-334,EU-382221,"324","334"
"751","382226",324-334,EU-382227,"324","334"
"752","382228",324-334,EU-382229,"324","334"
"753","382230",324-334,EU-382231,"324","334"
"754","382231",324-334,EU-382232,"324","334"
"755","382233",324-334,EU-382234,"324","334"
"756","382234",324-334,EU-382235,"324","334"
"757","382247",324-334,EU-382248,"324","334"
"758","382250",324-334,EU-382251,"324","334"
"759","382282",324-334,EU-382283,"324","334"
"760","382867",324-512,EU-382868,"324","512"
"761","383062",331-142,EU-383063,"331","142"
"762","383063",331-142,EU-383064,"331","142"
"763","386903",411-512,EU-386904,"411","512"
"764","386904",411-512,EU-386905,"411","512"
"765","386905",411-512,EU-386906,"411","512"
"766","386906",411-512,EU-386907,"411","512"
"767","386907",411-512,EU-386908,"411","512"
"768","386908",411-512,EU-386909,"411","512"
"769","386909",411-512,EU-386910,"411","512"
"770","386910",411-512,EU-386911,"411","512"
"771","386912",411-512,EU-386913,"411","512"
"772","387734",511-231,EU-387735,"511","231"
"773","387735",511-231,EU-387736,"511","231"
"774","387736",511-231,EU-387737,"511","231"
"775","387746",511-331,EU-387747,"511","331"
"776","387964",512-131,EU-387965,"512","131"
"777","388074",512-231,EU-388075,"512","231"
"778","388189",512-411,EU-388190,"512","411"
"779","388191",512-411,EU-388192,"512","411"
